<?xml version="1.0" encoding="UTF-8"?>
<project-private xmlns="http://www.netbeans.org/ns/project-private/1">
    <editor-bookmarks xmlns="http://www.netbeans.org/ns/editor-bookmarks/2" lastBookmarkId="0"/>
    <open-files xmlns="http://www.netbeans.org/ns/projectui-open-files/2">
        <group>
            <file>file:/C:/Users/Krunal%20Nisar/Desktop/project/workspace/InformationRetrival/src/informationretrival/Score.java</file>
            <file>file:/C:/Users/Krunal%20Nisar/Desktop/project/workspace/InformationRetrival/src/informationretrival/InformationRetrival.java</file>
            <file>file:/C:/Users/Krunal%20Nisar/Desktop/project/workspace/InformationRetrival/src/informationretrival/BM25.java</file>
            <file>file:/C:/Users/Krunal%20Nisar/Desktop/project/workspace/InformationRetrival/src/informationretrival/RankAlgorithm.java</file>
        </group>
    </open-files>
</project-private>
